label,prediction,0,1,2,3
1,1,0.0028238939121365547,0.9855155944824219,0.010381360538303852,0.0012791912304237485
3,3,0.00891194585710764,7.902902143541723e-05,0.4167330265045166,0.5742760300636292
1,1,0.035489581525325775,0.9613122940063477,0.0016299891285598278,0.0015681381337344646
3,3,0.00015591205738019198,0.01070511806756258,0.39675307273864746,0.5923858880996704
0,3,0.0007852761191315949,0.01234484277665615,0.0002605680492706597,0.9866092801094055
1,1,0.17447666823863983,0.8226189017295837,0.0027261043433099985,0.00017829352873377502
2,0,0.4410679042339325,0.00031069916440173984,0.4379488229751587,0.12067259848117828
3,3,0.005217847414314747,0.0007407446391880512,0.0011716448934748769,0.9928697943687439
3,2,0.1687309294939041,0.009530778974294662,0.6446016430854797,0.17713662981987
1,1,0.168412446975708,0.8314397931098938,6.479743751697242e-05,8.29241398605518e-05
0,0,0.9927114248275757,0.006080850027501583,0.001061812392435968,0.00014590755745302886
0,0,0.6431816816329956,0.16919101774692535,0.10533588379621506,0.08229139447212219
3,3,0.00018530734814703465,0.00012651103315874934,0.0005378829082474113,0.999150276184082
0,0,0.9979358911514282,0.0014611963415518403,0.000365044514182955,0.0002377893397351727
1,1,0.01002207025885582,0.7381108999252319,0.25173574686050415,0.00013127439888194203
1,3,0.27682259678840637,0.2133142054080963,0.21135081350803375,0.29851239919662476
2,2,0.00034112026332877576,0.0007658404065296054,0.996992826461792,0.0019001917680725455
2,1,0.042068950831890106,0.6048663854598999,0.3057851195335388,0.04727959260344505
1,3,0.014865600503981113,0.41649892926216125,0.01268793735653162,0.555947482585907
2,0,0.4976968765258789,0.07800852507352829,0.42102742195129395,0.003267203224822879
2,2,0.00844053365290165,0.037872616201639175,0.9222390651702881,0.031447816640138626
1,1,0.143936425447464,0.8524882793426514,0.0035212391521781683,5.409140430856496e-05
3,3,0.00014153585652820766,7.593764166813344e-05,4.9962673074333e-05,0.9997325539588928
3,0,0.49479779601097107,0.10518602281808853,0.15500503778457642,0.2450111359357834
1,1,0.034423377364873886,0.7081338167190552,4.58032991446089e-05,0.2573969066143036
0,0,0.9094209671020508,0.013855577446520329,0.07466719299554825,0.0020563118159770966
2,1,0.001615188899450004,0.9786377549171448,0.01899358630180359,0.000753420521505177
1,1,0.07434424757957458,0.8197512626647949,0.05987120047211647,0.0460333377122879
2,2,0.0005857687792740762,0.00010916135215666145,0.9991515874862671,0.00015353091293945909
3,3,0.011885447427630424,0.00586243299767375,0.034765664488077164,0.9474865198135376
1,1,0.10178717970848083,0.8837083578109741,0.014162909239530563,0.0003415022511035204
0,0,0.9857296943664551,0.0004434381262399256,0.010798349045217037,0.0030285539105534554
2,3,0.00021623865177389234,0.0007794200209900737,0.008587249554693699,0.9904170036315918
3,3,0.0006534912972711027,0.0014020398957654834,0.0012473295209929347,0.996697187423706
3,3,6.3948224124033e-05,6.62198435747996e-05,8.007910946616903e-05,0.9997897744178772
2,1,0.001232417649589479,0.906132161617279,0.08916071057319641,0.003474760102108121
3,0,0.5997860431671143,0.3809589743614197,0.019090207293629646,0.00016475838492624462
2,2,0.000194214066141285,0.17464157938957214,0.814402163028717,0.01076205912977457
0,0,0.993407130241394,0.00014617087435908616,0.006179202813655138,0.0002674431598279625
1,0,0.4726788103580475,0.01570836827158928,0.09539084881544113,0.4162219166755676
3,3,0.07392971962690353,0.0003577178285922855,5.310790947987698e-05,0.9256594181060791
2,2,6.423389277188107e-05,8.106129098450765e-05,0.9991565942764282,0.0006981136393733323
2,2,0.00047002718201838434,6.080715320422314e-05,0.9992780089378357,0.00019108463311567903
1,0,0.7199887633323669,0.27980539202690125,8.064582652878016e-05,0.00012517250434029847
2,3,0.1646621823310852,0.05004270374774933,0.13659772276878357,0.6486973762512207
1,1,0.0010202736593782902,0.9981300234794617,0.00041356502333655953,0.0004361721221357584
0,1,0.08483592420816422,0.8936560153961182,0.0019600375089794397,0.01954801380634308
2,0,0.9974946975708008,0.0004304101748857647,0.0019474589498713613,0.0001273745729122311
0,0,0.9908772110939026,0.0003622788062784821,0.007030087523162365,0.0017304070061072707
1,1,0.007514632306993008,0.5277957320213318,0.4646560847759247,3.359086258569732e-05
0,1,0.005889649037271738,0.987386167049408,0.0033167796209454536,0.003407346084713936
0,0,0.9968652129173279,0.0028907721862196922,4.3826505134347826e-05,0.00020012652385048568
2,3,0.0014183161547407508,0.09145073592662811,0.05056295543909073,0.8565680384635925
2,0,0.8639058470726013,0.013322429731488228,0.1222582682967186,0.0005134417442604899
0,2,0.35486289858818054,0.00017565260350238532,0.644882321357727,7.910415297374129e-05
2,1,0.005047482438385487,0.9940258264541626,0.00032518149237148464,0.0006014340906403959
2,2,0.3874766230583191,0.00011270032700849697,0.5436879992485046,0.06872261315584183
3,0,0.8958655595779419,0.024477042257785797,0.025226091966032982,0.054431330412626266
2,2,0.00010888034739764407,0.0003300615935586393,0.9861721396446228,0.013388942927122116
0,0,0.9257045984268188,0.030075058341026306,0.0179450623691082,0.02627524919807911
2,0,0.5010762214660645,0.0003450646763667464,0.4958762228488922,0.0027024473529309034
0,0,0.4937973618507385,0.07185543328523636,0.3598282039165497,0.07451900094747543
1,1,0.3854399621486664,0.3967461884021759,0.21368984878063202,0.004123957362025976
2,2,0.0001778179284883663,6.400718848453835e-05,0.9996585845947266,9.961486648535356e-05
1,0,0.47522473335266113,0.2548133432865143,0.10640180110931396,0.163560152053833
2,2,9.331941691925749e-05,0.006366851273924112,0.9934777021408081,6.2111925217323e-05
1,1,0.05828673765063286,0.9404832124710083,0.0002373121096752584,0.0009927358478307724
2,0,0.9879818558692932,0.009631326422095299,0.002004846930503845,0.00038206964381970465
1,0,0.6085115075111389,0.38940563797950745,0.0009292741306126118,0.0011536235688254237
0,0,0.9970959424972534,0.0004363084153737873,0.001901813317090273,0.00056589295854792
0,0,0.987464189529419,0.0034006128553301096,0.006489447318017483,0.002645741682499647
1,1,0.27060726284980774,0.4585999846458435,0.2508701980113983,0.019922595471143723
1,1,0.00906537938863039,0.9758719801902771,0.009308372624218464,0.005754262674599886
3,3,0.0013727080076932907,0.3636942505836487,0.0010618497617542744,0.6338711977005005
1,0,0.6607187986373901,0.32922106981277466,0.008442992344498634,0.0016171039314940572
0,3,0.2413892149925232,0.00926181860268116,0.00013607331493403763,0.7492128610610962
1,3,0.0008674345444887877,0.02402031607925892,0.0019156425260007381,0.9731965661048889
3,3,0.0011178064160048962,0.46180903911590576,0.0001255036040674895,0.5369476675987244
3,3,6.039784420863725e-05,0.007380688097327948,8.306754898512736e-05,0.9924758076667786
3,1,0.0016303375596180558,0.5238723158836365,0.00065158138750121,0.47384577989578247
3,3,0.11709283292293549,6.299129745457321e-05,0.00369215733371675,0.8791519999504089
0,0,0.990054726600647,5.051344487583265e-05,0.00969020090997219,0.00020449557632673532
0,0,0.9991766810417175,0.00015092037210706621,0.0003065129276365042,0.0003659017675090581
1,1,0.07319130003452301,0.9266884326934814,6.638247577939183e-05,5.3940941143082455e-05
1,1,0.006734917871654034,0.9817723035812378,0.0022348377387970686,0.009257894940674305
3,1,0.18894526362419128,0.4068847894668579,0.0001208761241286993,0.4040490686893463
1,0,0.9970697164535522,0.00033730207360349596,0.0003146124363411218,0.002278330037370324
3,3,0.011324839666485786,0.40766099095344543,0.0007196875521913171,0.5802944898605347
1,1,0.017149340361356735,0.5338626503944397,0.006377299316227436,0.4426107108592987
1,1,0.0002003507106564939,0.8395695686340332,0.15946710109710693,0.0007629007450304925
2,2,9.447691263630986e-05,0.0029009704012423754,0.9965969920158386,0.00040756401722319424
1,1,0.3850293457508087,0.5419453978538513,5.371958468458615e-05,0.07297152280807495
2,2,0.001246339175850153,0.0011083842255175114,0.9955995082855225,0.0020458046346902847
3,3,0.0032957231160253286,0.022786201909184456,0.0002711027627810836,0.9736469388008118
0,3,0.2543737590312958,0.24391800165176392,0.22908402979373932,0.2726242244243622
1,1,0.00025962269864976406,0.9988692402839661,0.00039122975431382656,0.00047988901496864855
3,3,0.3564854860305786,0.0005571527290157974,0.08089820295572281,0.5620591640472412
1,0,0.6147034764289856,0.27824166417121887,0.01144052017480135,0.09561436623334885
0,3,0.1437370479106903,0.0002484284923411906,8.293472637888044e-05,0.8559315800666809
3,0,0.7484614849090576,0.006132860202342272,0.012491559609770775,0.23291409015655518
2,2,0.0030625276267528534,4.0912069380283356e-05,0.9968535304069519,4.3134106817888096e-05
2,2,0.002845561597496271,0.012306369841098785,0.9840031266212463,0.000844973954372108
0,0,0.999327540397644,0.0004997418727725744,7.555040065199137e-05,9.727264841785654e-05
3,0,0.96620774269104,6.938881415408105e-05,0.005066802259534597,0.028656065464019775
1,1,0.022524023428559303,0.9058541655540466,0.019239602610468864,0.05238215997815132
0,2,0.1522652804851532,0.17492905259132385,0.5305382609367371,0.1422673910856247
1,1,3.157199171255343e-05,0.49966850876808167,0.4692291021347046,0.03107079491019249
0,0,0.465960830450058,0.18457584083080292,0.19150377810001373,0.15795950591564178
3,3,0.00030496990075334907,0.00019113444432150573,0.09402903914451599,0.905474841594696
3,3,0.010933718644082546,0.006484775338321924,0.18895238637924194,0.7936291098594666
3,3,0.11903714388608932,9.71044646576047e-05,0.0004619538376573473,0.8804038166999817
1,1,6.417612894438207e-05,0.9954479336738586,0.00439137639477849,9.64306018431671e-05
2,2,0.0008284005452878773,0.0010736653348430991,0.9976678490638733,0.0004301444860175252
3,3,0.004227234981954098,0.14951206743717194,0.002935487776994705,0.8433251976966858
0,0,0.7027042508125305,0.0545109361410141,0.12232131510972977,0.12046343088150024
0,3,0.40463507175445557,0.00017453102918807417,0.001090112840756774,0.594100296497345
2,3,0.19244933128356934,0.029061460867524147,0.02590329758822918,0.7525859475135803
1,3,0.27654799818992615,0.2943536341190338,0.0002991881046909839,0.42879918217658997
0,0,0.6344090700149536,0.011481464840471745,0.3422720432281494,0.011837461031973362
1,1,0.005128995515406132,0.8498859405517578,0.1417817920446396,0.00320327072404325
3,3,3.400002606213093e-05,0.20902656018733978,0.2366761863231659,0.5542632341384888
3,0,0.7210202813148499,0.01099281944334507,0.000931038404814899,0.26705583930015564
3,3,0.15861012041568756,0.18137025833129883,0.00024290804867632687,0.6597767472267151
1,1,0.05023115873336792,0.9378310441970825,0.00015905537293292582,0.011778702028095722
0,0,0.7935759425163269,0.18610337376594543,0.003964246716350317,0.016356440261006355
0,3,0.028767546638846397,0.223139226436615,0.0001485101383877918,0.7479447722434998
0,1,0.0879632905125618,0.8896760940551758,0.022212790325284004,0.0001478020567446947
2,0,0.9468432664871216,0.0008185547776520252,0.04718950018286705,0.005148706957697868
2,2,0.12022242695093155,0.0024336595088243484,0.860994815826416,0.016349073499441147
2,1,9.39722012844868e-05,0.9989476799964905,0.0005665390635840595,0.0003917771973647177
2,2,0.0005551521899178624,0.0006723384722135961,0.9982057809829712,0.000566815142519772
1,1,0.2106408327817917,0.7860434055328369,0.0016490448033437133,0.001666699768975377
1,0,0.7355176210403442,0.2579725980758667,0.00019612902542576194,0.006313642952591181
2,2,0.00024401015252806246,0.17257386445999146,0.5822097063064575,0.2449723482131958
1,0,0.7457795143127441,0.21533845365047455,0.02271588146686554,0.016166098415851593
2,3,0.03156823292374611,0.2103217989206314,0.2778347134590149,0.4802752137184143
1,1,0.128221794962883,0.6811935901641846,0.10649442672729492,0.0840902253985405
1,3,0.0004495448956731707,0.42472124099731445,0.000557578809093684,0.5742716789245605
3,1,0.36984124779701233,0.540879487991333,0.0004586144059430808,0.08882066607475281
0,0,0.9998132586479187,9.699767542770132e-05,4.979734876542352e-05,3.997618114226498e-05
3,3,0.02435467764735222,0.4632922410964966,0.0010712011717259884,0.5112818479537964
1,2,0.006187949329614639,0.12447910755872726,0.8550559282302856,0.014277034439146519
2,2,0.19713528454303741,5.159633292350918e-05,0.7604877352714539,0.04232538491487503
1,1,0.00018492525850888342,0.8272997140884399,0.17233778536319733,0.00017764593940228224
1,1,0.02549773082137108,0.9247522354125977,0.0005080821574665606,0.049241919070482254
2,2,0.01091727614402771,0.002646946581080556,0.9455298781394958,0.040905773639678955
3,2,0.00042009397293441,0.0002691641275305301,0.9977735877037048,0.0015370765468105674
0,0,0.8715543746948242,0.012247913517057896,0.01200802344828844,0.1041896641254425
1,1,0.11694709211587906,0.8827802538871765,0.0001754446275299415,9.725197014631703e-05
1,1,0.00033343242830596864,0.9607361555099487,0.038369376212358475,0.0005610359366983175
1,2,0.13326138257980347,0.2377583384513855,0.5842453241348267,0.04473500698804855
0,0,0.9899762272834778,5.394915206125006e-05,0.00947367399930954,0.0004960711812600493
0,0,0.9612459540367126,0.0001634152140468359,0.017941635102033615,0.020649012178182602
1,1,0.004528350196778774,0.9952870607376099,4.043924491270445e-05,0.00014419821673072875
0,0,0.35711339116096497,0.03231119364500046,0.29177936911582947,0.31879597902297974
3,3,0.033601123839616776,9.87868697848171e-05,0.0004920976352877915,0.9658079743385315
1,3,0.0002173866523662582,0.4037591814994812,0.002184694865718484,0.5938387513160706
2,2,6.077797297621146e-05,0.399482399225235,0.5976350903511047,0.002821719739586115
0,3,0.02422037161886692,0.0027297153137624264,0.06007467582821846,0.9129751920700073
3,1,0.01677968166768551,0.8993842601776123,0.05278605595231056,0.031050024554133415
3,0,0.5717561841011047,0.0011309020919725299,0.00012346447329036891,0.42698946595191956
1,1,0.028082555159926414,0.9566308856010437,3.7849102227482945e-05,0.015248709358274937
1,1,0.0038232107181102037,0.9884316921234131,0.004173829220235348,0.003571287728846073
0,2,0.2272188514471054,0.025789383798837662,0.7293645739555359,0.017627181485295296
3,0,0.296834796667099,0.23204831779003143,0.21674606204032898,0.2543708086013794
0,0,0.9920238256454468,0.003479807637631893,0.0008355346508324146,0.0036608397495001554
3,3,0.01192304864525795,0.0001368522789562121,0.00017859594663605094,0.9877614974975586
2,3,0.15582473576068878,0.007514032069593668,0.006729027256369591,0.8299321532249451
2,1,0.25147855281829834,0.32366743683815,0.2526182532310486,0.17223580181598663
1,1,4.535396146820858e-05,0.8150497674942017,0.15096747875213623,0.03393740952014923
1,1,0.018037695437669754,0.9481337666511536,0.00012938902364112437,0.0336991511285305
3,3,0.0002703711506910622,0.00031860542367212474,7.89219920989126e-05,0.9993321299552917
0,0,0.9569374918937683,0.02500424161553383,0.010211105458438396,0.007847118191421032
0,0,0.83927983045578,0.0003445798356551677,0.04659264162182808,0.11378291249275208
3,1,0.0596582293510437,0.7488945722579956,0.16156402230262756,0.029883185401558876
3,3,0.0032424333039671183,0.00021648859546985477,0.00020184901950415224,0.9963392019271851
0,0,0.9142208695411682,0.039030659943819046,0.0017113700741901994,0.0450371578335762
0,0,0.7128039598464966,0.009095416404306889,0.2780678868293762,3.2745840144343674e-05
2,2,0.00011357900802977383,0.004909757059067488,0.9946848750114441,0.00029182512662373483
1,1,0.00197601318359375,0.5185884237289429,0.01475246250629425,0.4646831452846527
0,0,0.5279640555381775,0.0010052958969026804,0.47096970677375793,6.086259600124322e-05
0,0,0.9957875609397888,0.0027641344349831343,0.0007371245301328599,0.0007111181621439755
2,2,0.00020452319586183876,0.0033897864632308483,0.9955068826675415,0.0008988102781586349
0,0,0.9539478421211243,0.001519661396741867,0.04434608668088913,0.00018648877448868006
2,2,0.3721890151500702,5.5108670494519174e-05,0.6277016401290894,5.421456080512144e-05
0,0,0.5266213417053223,0.015619013458490372,0.09296737611293793,0.3647923171520233
3,3,0.018449954688549042,4.724798782262951e-05,0.012437187135219574,0.9690656065940857
0,2,0.043766461312770844,0.2027539610862732,0.5423027276992798,0.21117688715457916
2,2,0.0012853037333115935,0.20893846452236176,0.7864082455635071,0.0033680591732263565
2,2,0.0002002613473450765,0.0194669459015131,0.9802570939064026,7.569004083052278e-05
3,3,8.403648098465055e-05,0.29472988843917847,0.0001334876724286005,0.7050526142120361
0,2,0.4501054584980011,4.3256048229523e-05,0.5497662425041199,8.50850046845153e-05
0,0,0.6665877103805542,7.877013558754697e-05,0.1441001296043396,0.18923336267471313
1,1,0.01304981205612421,0.6238766312599182,0.014693833887577057,0.3483797311782837
3,3,4.807283039554022e-05,0.0003301624092273414,0.1879991590976715,0.811622679233551
2,0,0.7326076626777649,0.21472430229187012,0.051918428391218185,0.000749594415538013
3,3,0.00015226082177832723,0.00013623316772282124,0.0010195490904152393,0.998691976070404
0,0,0.9952296018600464,0.00421195337548852,0.00034582329681143165,0.00021262785594444722
3,1,0.030113516375422478,0.7744032144546509,0.05607225373387337,0.13941098749637604
2,0,0.601483941078186,0.018498104065656662,0.37994295358657837,7.498849299736321e-05
1,1,0.0002160501026082784,0.9890363812446594,0.00983092188835144,0.0009166450472548604
0,0,0.6559804677963257,0.3398240804672241,0.003882261924445629,0.00031320139532908797
1,1,4.6654269681312144e-05,0.519401490688324,0.07727106660604477,0.40328076481819153
0,0,0.6722822189331055,0.09298205375671387,0.22502730786800385,0.009708457626402378
1,2,0.01564452238380909,0.03174596652388573,0.9240767359733582,0.02853279747068882
2,2,0.025984184816479683,0.13040108978748322,0.8431695699691772,0.0004451134882401675
0,0,0.8172239065170288,0.01989121362566948,0.1627078801393509,0.00017699603631626815
1,3,0.00040935896686278284,0.37986698746681213,0.00046802632277831435,0.6192556619644165
0,0,0.7886752486228943,9.979091555578634e-05,0.0042542023584246635,0.2069707214832306
3,1,0.057209618389606476,0.7297443747520447,0.038932912051677704,0.17411307990550995
0,0,0.49751970171928406,4.179988900432363e-05,0.32473236322402954,0.17770612239837646
0,0,0.6665611267089844,0.014870434068143368,0.31475934386253357,0.0038090827874839306
0,0,0.9458293914794922,0.018294529989361763,7.459483458660543e-05,0.0358014740049839
1,1,0.00014139281120151281,0.6797248721122742,0.31996679306030273,0.00016693670477252454
0,1,0.4093502461910248,0.44588640332221985,0.10422050952911377,0.04054287448525429
2,0,0.6027399301528931,0.001145735033787787,0.1073746457695961,0.2887396514415741
2,2,0.06565592437982559,0.06185992807149887,0.5222327709197998,0.3502514064311981
3,3,0.0005762838409282267,0.03673039376735687,0.0003175853635184467,0.9623757600784302
3,3,0.34870702028274536,0.0011736805317923427,0.02237088792026043,0.6277483701705933
0,3,0.07151863723993301,0.0007304215105250478,0.0004971178132109344,0.927253782749176
1,2,0.14598016440868378,0.20562545955181122,0.5779634118080139,0.07043098658323288
2,2,0.0006123579805716872,0.04971152916550636,0.9495383501052856,0.00013773850514553487
1,1,0.0061690108850598335,0.9924347400665283,0.0006737567600794137,0.0007224699365906417
3,2,0.001553347916342318,0.0010925378883257508,0.9964591860771179,0.0008948772447183728
1,1,0.29481613636016846,0.5073238015174866,0.0005720520275644958,0.19728800654411316
1,0,0.9433916211128235,0.0006209152634255588,0.00031235397909767926,0.05567522346973419
1,1,0.04740539565682411,0.8862898945808411,9.890748333418742e-05,0.066205695271492
0,0,0.8303552269935608,7.12096007191576e-05,0.1694946587085724,7.899823685875162e-05
3,3,0.0009618817712180316,0.014235716313123703,0.001341064926236868,0.9834613800048828
0,3,0.07363816350698471,0.3260768949985504,0.02752833254635334,0.5727566480636597
3,3,0.0010310113430023193,0.0003536316507961601,6.540298636537045e-05,0.9985498785972595
3,1,0.002089086454361677,0.8119049668312073,0.001006629434414208,0.18499934673309326
3,3,0.006104562431573868,0.004635749850422144,0.010113720782101154,0.9791460037231445
3,3,0.000606908870395273,0.00029561007977463305,0.0004218747199047357,0.998675525188446
3,3,0.002052726224064827,0.0014173222007229924,0.0003717969520948827,0.9961581826210022
2,2,7.04110279912129e-05,0.0004907586262561381,0.5367060899734497,0.4627326726913452
0,2,0.34166857600212097,0.0013059398625046015,0.6096708178520203,0.04735473543405533
0,0,0.9979121088981628,7.659323455300182e-05,0.00012790637265425175,0.0018833887297660112
0,2,0.06588902324438095,0.4313504099845886,0.4639265239238739,0.038834087550640106
3,1,0.01005284208804369,0.9614737033843994,0.025850597769021988,0.0026229233480989933
2,2,0.0013689118204638362,0.4529293179512024,0.544992208480835,0.0007095237961038947
3,0,0.6324060559272766,0.001170112518593669,0.00034312583738937974,0.36608073115348816
2,0,0.4062301218509674,0.18606826663017273,0.05587334185838699,0.35182833671569824
1,3,0.2598458230495453,0.0019099559867754579,0.3103664517402649,0.427877813577652
1,1,0.0005055045476183295,0.981669545173645,0.0014303879579529166,0.016394466161727905
1,0,0.7980231046676636,0.1736057996749878,0.008477381430566311,0.01989377848803997
1,1,6.15991884842515e-05,0.5729172229766846,0.42300930619239807,0.004011836834251881
1,1,0.007702949922531843,0.9915807843208313,0.00039358544745482504,0.00032273016404360533
2,2,9.193093137582764e-05,0.0019896880257874727,0.9977049231529236,0.00021353372721932828
3,3,0.00044907620758749545,8.668607915751636e-05,0.25471559166908264,0.7447487115859985
2,3,0.20789244771003723,0.24570807814598083,0.09700801223516464,0.4493914544582367
1,1,0.00013836819562129676,0.8189659714698792,0.0001260540448129177,0.18076960742473602
0,3,0.03180432319641113,0.003947196528315544,0.06484413892030716,0.8994044065475464
3,3,0.10044434666633606,0.004224239382892847,0.09998809546232224,0.795343279838562
0,0,0.8885482549667358,7.71199629525654e-05,8.702069317223504e-05,0.11128757894039154
0,2,0.06897445768117905,0.01870657131075859,0.9036324620246887,0.008686518296599388
1,1,0.0005381177179515362,0.8954164385795593,0.10383739322423935,0.0002080333506455645
0,3,0.4348449409008026,0.044157207012176514,0.04939151182770729,0.4716063439846039
0,3,0.14811637997627258,0.07339894771575928,0.008774642832577229,0.7697100639343262
0,0,0.6736835837364197,0.005071818828582764,0.3206256330013275,0.0006189497071318328
1,1,0.00013430992839857936,0.5983740091323853,0.01272665336728096,0.38876503705978394
3,3,0.07143712788820267,0.02421327866613865,0.0876050814986229,0.8167445659637451
0,0,0.7873410582542419,0.0005963520961813629,0.21187593042850494,0.00018669864221010357
1,1,0.00026591753703542054,0.9653839468955994,7.220956467790529e-05,0.034277915954589844
0,0,0.994413435459137,0.0008918314706534147,0.004361340310424566,0.00033343269024044275
2,2,9.784508438315243e-05,0.192552387714386,0.8073210120201111,2.8691223633359186e-05
0,0,0.5211957693099976,0.06949222087860107,0.23901626467704773,0.17029573023319244
0,3,0.27703192830085754,0.24617287516593933,0.1385296881198883,0.3382655084133148
2,2,5.542505095945671e-05,0.38516154885292053,0.4241565763950348,0.19062645733356476
2,0,0.9233196377754211,0.01606425642967224,0.01795298419892788,0.04266307130455971
0,0,0.9700645804405212,0.027137532830238342,0.0026306994259357452,0.00016719588893465698
0,0,0.7415397763252258,0.08425188064575195,0.0806741937994957,0.09353413432836533
0,0,0.7690014243125916,0.0004909529816359282,0.23041759431362152,9.00381855899468e-05
3,3,9.320491517428309e-05,0.0025691166520118713,0.00010503984231036156,0.9972326159477234
3,3,0.0024099790025502443,0.0008888451266102493,0.007359831128269434,0.9893413186073303
2,2,0.16006068885326385,0.00022942517534829676,0.8396159410476685,9.392335050506517e-05
2,2,0.00027320071239955723,0.0002549774362705648,0.9983851909637451,0.0010866883676499128
3,3,0.001282539451494813,0.092636339366436,0.0002352950832573697,0.9058458209037781
0,0,0.9980605244636536,0.00044628384057432413,0.000764009659178555,0.0007292310474440455
1,2,0.03953036665916443,0.08247529715299606,0.7150304913520813,0.1629638969898224
0,1,0.0004931514849886298,0.8226195573806763,0.000920445250812918,0.17596685886383057
0,0,0.6674927473068237,0.3077160120010376,0.008049087598919868,0.016742173582315445
1,1,0.0007120496011339128,0.9654868245124817,7.582456601085141e-05,0.033725421875715256
0,0,0.6222773194313049,0.01960846222937107,0.16132113337516785,0.19679315388202667
0,0,0.9975000023841858,0.0017434102483093739,4.225589509587735e-05,0.0007143684197217226
2,2,0.002169358776882291,0.0008321167551912367,0.5469315648078918,0.4500668942928314
2,3,0.00022370977967511863,0.005724698305130005,0.024232205003499985,0.9698193669319153
0,0,0.9974862337112427,0.002371370093896985,8.412919123657048e-05,5.814657561131753e-05
0,1,0.4516439139842987,0.5285084843635559,0.00711163179948926,0.012735986150801182
2,2,0.476804256439209,0.017730457708239555,0.4817151129245758,0.023750146850943565
1,1,0.03166775777935982,0.8656430840492249,0.0013305777683854103,0.10135859251022339
0,2,0.13528203964233398,0.008660975843667984,0.8559852242469788,7.178550004027784e-05
1,2,0.240061953663826,0.24436068534851074,0.2784035801887512,0.23717385530471802
0,1,0.04244407266378403,0.9467356204986572,0.009284909814596176,0.0015353976050391793
3,3,0.14639055728912354,5.9792881074827164e-05,7.383786578429863e-05,0.85347580909729
1,1,0.0005637607537209988,0.5065538883209229,0.4011613130569458,0.0917210727930069
3,3,0.29392892122268677,0.0003481646126601845,0.2313750833272934,0.47434794902801514
2,2,7.108572754077613e-05,0.00031261678668670356,0.9994120597839355,0.00020416798361111432
2,2,0.03705614432692528,0.0018634095322340727,0.9551886320114136,0.005891726352274418
0,0,0.9821498990058899,0.00019480162882246077,0.017499540001153946,0.00015571829862892628
1,2,0.07046548277139664,0.24819505214691162,0.676450788974762,0.004888724535703659
2,1,0.09263236075639725,0.4948880672454834,0.3711736500263214,0.04130598157644272
3,2,0.0006136044394224882,0.0010812808759510517,0.9952548742294312,0.003050228813663125
3,2,0.0001037181427818723,8.505559526383877e-05,0.5968894362449646,0.40292173624038696
3,0,0.4703730344772339,0.29023322463035583,0.06795686483383179,0.17143693566322327
0,0,0.9913071990013123,0.0027699237689375877,0.0043727923184633255,0.0015501476591452956
1,3,0.3437395989894867,0.0040738340467214584,0.19305886328220367,0.4591276943683624
0,0,0.5604532957077026,0.15734627842903137,0.02792917750775814,0.2542712688446045
2,0,0.6036731004714966,0.39288315176963806,0.0025421923492103815,0.0009016094845719635
1,1,0.0019165980629622936,0.9928668737411499,0.0028276171069592237,0.002388964407145977
3,1,0.08426565676927567,0.4926455020904541,0.24290835857391357,0.18018046021461487
3,3,4.251526843290776e-05,0.003267501015216112,0.4553830027580261,0.5413069725036621
0,0,0.9961121678352356,5.3213592764222994e-05,0.0001109684380935505,0.0037236635107547045
1,1,0.00035446143010631204,0.6069649457931519,0.3106042444705963,0.08207635581493378
0,2,0.026027290150523186,0.004011781420558691,0.9591424465179443,0.010818559676408768
2,2,6.4599204051774e-05,4.316737249610014e-05,0.9853397011756897,0.014552505686879158
0,2,0.08943415433168411,0.0007400551694445312,0.859171986579895,0.050653841346502304
3,2,0.0001183171771117486,0.001706908456981182,0.7188259363174438,0.27934885025024414
0,0,0.6776764392852783,7.100754737621173e-05,0.3206689953804016,0.0015835595550015569
1,2,0.007390595972537994,0.1601681411266327,0.8259959816932678,0.006445270497351885
3,1,0.0059360479936003685,0.9693263173103333,0.015275370329618454,0.009462245739996433
2,2,0.27099791169166565,0.00011213230027351528,0.4713863134384155,0.25750359892845154
0,0,0.9646932482719421,6.120050238678232e-05,5.4167354392120615e-05,0.03519134223461151
2,2,4.842828639084473e-05,4.474504021345638e-05,0.9607099294662476,0.03919687122106552
0,0,0.5297534465789795,0.46855583786964417,0.0015425467863678932,0.00014818753697909415
2,2,0.11504276841878891,0.17240168154239655,0.6885534524917603,0.024002034217119217
0,2,0.24223005771636963,0.001125904731452465,0.7565303444862366,0.00011366528633516282
1,0,0.9686457514762878,0.006003526970744133,0.011133218184113503,0.014217464253306389
0,2,0.14793452620506287,0.1580864042043686,0.6837137937545776,0.010265296325087547
0,0,0.7939185500144958,0.20597334206104279,5.077750392956659e-05,5.723934737034142e-05
1,1,0.004916584584861994,0.874347984790802,0.11746057122945786,0.0032748826779425144
0,0,0.9812753796577454,0.009941340424120426,0.00013569844304583967,0.00864759273827076
2,2,0.0001037718029692769,0.00011509387695696205,0.998816967010498,0.0009641600772738457
1,1,0.0006874714745208621,0.875327467918396,0.10509633272886276,0.0188886858522892
3,3,0.0050690132193267345,0.0021496808622032404,0.008270526304841042,0.9845106601715088
3,2,0.07727464288473129,0.02875695377588272,0.8432108163833618,0.05075756832957268
0,1,0.16620783507823944,0.6736860275268555,0.15101270377635956,0.00909341312944889
2,2,0.0001891080755740404,0.07441771775484085,0.9211463332176208,0.004246886819601059
0,2,0.1499028205871582,0.0021097688004374504,0.847917377948761,6.997783202677965e-05
3,1,0.0047952644526958466,0.7198366522789001,7.54393040551804e-05,0.27529263496398926
1,1,0.00714073097333312,0.950547456741333,0.035608336329460144,0.006703405175358057
0,2,0.011612887494266033,0.0007074971799738705,0.9868742823600769,0.0008052654447965324
3,2,0.04278755187988281,0.03307247906923294,0.6697104573249817,0.25442954897880554
2,0,0.8688116669654846,0.1305921971797943,0.0005609926884062588,3.5076056519756094e-05
2,2,0.0001507153792772442,0.00013017692253924906,0.9996005892753601,0.00011856983473990113
3,3,0.0017409410793334246,0.08490299433469772,0.0204495657235384,0.8929064869880676
1,1,0.0019725204911082983,0.9559063911437988,0.001851277076639235,0.04026982560753822
1,1,0.005240486469119787,0.9942135214805603,0.00027393942582421005,0.0002720270131248981
3,0,0.9045845866203308,7.194706267910078e-05,0.09511271864175797,0.00023078566300682724
3,3,0.13186733424663544,0.0003201620129402727,0.0054022581316530704,0.862410306930542
2,2,0.011911364272236824,0.11905022710561752,0.47327670454978943,0.39576175808906555
3,1,0.067930668592453,0.8236287832260132,0.1058076024055481,0.0026330379769206047
2,2,0.08136028796434402,0.08510493487119675,0.7074819803237915,0.1260528266429901
0,3,0.010244243778288364,0.07503089308738708,0.18400868773460388,0.7307161688804626
3,1,0.120162732899189,0.38290074467658997,0.17752186954021454,0.31941458582878113
1,1,0.05253330245614052,0.7368206977844238,0.210564523935318,8.138836710713804e-05
0,0,0.9118825197219849,0.08766346424818039,9.591845446266234e-05,0.0003580976917874068
3,0,0.951694130897522,0.0011426870478317142,0.00043782705324701965,0.04672541096806526
3,1,1.966324089153204e-05,0.440857857465744,0.13591553270816803,0.42320698499679565
2,2,0.0005636510322801769,0.0005520919803529978,0.9986447691917419,0.0002394196344539523
2,0,0.994345486164093,0.004835577215999365,0.0006723011028952897,0.00014660978922620416
2,2,0.0015717565547674894,5.467059963848442e-05,0.9983054399490356,6.813924119342119e-05
3,0,0.5685853362083435,0.211371511220932,0.1470528244972229,0.07299032807350159
2,2,0.00010806802310980856,0.3637884855270386,0.6267551183700562,0.009348433464765549
1,1,0.0008504280704073608,0.9629672765731812,0.002016762038692832,0.034165557473897934
1,3,0.01614474505186081,0.011325692757964134,0.0001466805551899597,0.9723829030990601
3,3,0.2606540620326996,0.15472835302352905,0.0018348534358665347,0.5827828049659729
3,3,0.16762219369411469,0.012710907496511936,0.3888823688030243,0.43078455328941345
3,3,0.011373774148523808,0.00038189018960110843,0.007932914420962334,0.980311393737793
3,0,0.9714979529380798,0.00048269881517626345,0.027192112058401108,0.0008272206760011613
0,0,0.8106859922409058,0.1680137664079666,0.021254785358905792,4.5431748731061816e-05
0,0,0.9510940909385681,0.01074319239705801,0.03810713440179825,5.555793541134335e-05
3,1,0.0015855131205171347,0.9235574007034302,6.916412530699745e-05,0.07478798180818558
1,1,0.00036156660644337535,0.7892865538597107,0.0005959827685728669,0.20975583791732788
2,3,0.012840627692639828,0.0007812072290107608,0.0997057780623436,0.8866723775863647
2,2,0.2127331793308258,0.052794236689805984,0.3826628029346466,0.3518097996711731
3,3,0.28203198313713074,0.042816389352083206,4.087196066393517e-05,0.6751108169555664
2,2,0.1280626505613327,0.153375044465065,0.5683169960975647,0.1502452939748764
3,3,5.3081959777045995e-05,5.067159509053454e-05,0.0016902246279641986,0.9982060194015503
3,3,0.003037660848349333,0.4258798360824585,0.00025401177117601037,0.5708284378051758
0,0,0.9994053840637207,5.447769581223838e-05,6.524212949443609e-05,0.00047483565867878497
2,2,0.014743098057806492,0.00010749603097792715,0.983096718788147,0.0020526545122265816
0,0,0.9787488579750061,0.0031449890229851007,0.012652315199375153,0.005453810561448336
1,0,0.9845436215400696,0.0147258210927248,0.0003271596215199679,0.0004034109297208488
1,1,8.201407035812736e-05,0.9813647866249084,0.018362749367952347,0.00019051447452511638
1,1,7.161802932387218e-05,0.999819815158844,6.534747080877423e-05,4.3275947973597795e-05
0,3,0.37033769488334656,0.0005336187314242125,0.0003466828493401408,0.6287820339202881
0,0,0.996696949005127,8.401941886404529e-05,0.001614344073459506,0.0016046784585341811
3,3,0.0003965651849284768,8.930271724238992e-05,0.019287850707769394,0.9802262783050537
2,2,0.00042239174945279956,7.299517164938152e-05,0.5482274293899536,0.4512771964073181
1,1,0.08726312220096588,0.6241970658302307,0.0027606117073446512,0.28577926754951477
1,1,0.0005011834437027574,0.8914709687232971,0.0011051443871110678,0.1069227084517479
3,1,0.3178223669528961,0.5688639283180237,0.11280491948127747,0.0005088344914838672
2,0,0.8912885189056396,7.429147080983967e-05,0.10848554968833923,0.00015157177404034883
2,2,0.24627122282981873,0.12603963911533356,0.627102792263031,0.0005863270489498973
2,2,0.0012766835279762745,0.3303278684616089,0.6683346629142761,6.0758498875657097e-05
1,1,0.0058611370623111725,0.6210800409317017,0.37239885330200195,0.0006599932094104588
1,1,0.0014785521198064089,0.9926003813743591,0.005641856696456671,0.0002791669685393572
3,3,0.0015669683925807476,0.00021857871615793556,0.011902923695743084,0.9863114953041077
1,3,0.1650359332561493,0.29926276206970215,0.0009799097897484899,0.5347213745117188
1,2,0.0010891443816944957,0.42417770624160767,0.5738276839256287,0.0009054956608451903
0,0,0.6066555976867676,0.00016351994418073446,0.39309069514274597,9.014090028358623e-05
0,3,0.013741587288677692,0.005132691934704781,0.0024175774306058884,0.9787080883979797
2,2,0.0001744153123581782,0.00018069958605337888,0.9993694424629211,0.00027545879129320383
2,2,0.0004814727872144431,0.00014732510317116976,0.9928185939788818,0.006552596110850573
1,1,0.0008194580441340804,0.7606884241104126,9.573964052833617e-05,0.23839639127254486
3,1,0.00700961472466588,0.989404559135437,0.0009117781301029027,0.002674129558727145
0,2,0.4943365752696991,0.0014887474244460464,0.5023603439331055,0.001814379240386188
1,1,0.14893530309200287,0.6312326788902283,0.0004813253181055188,0.2193506807088852
0,0,0.9941483736038208,0.0022655318025499582,0.002051590010523796,0.0015345620922744274
0,2,0.06293699145317078,0.0006496169953607023,0.8178645968437195,0.11854884773492813
1,1,0.017283733934164047,0.8160684704780579,0.1316452920436859,0.0350024551153183
1,1,0.028610238805413246,0.7485520839691162,0.0023641351144760847,0.220473513007164
3,0,0.4576544165611267,0.0005526626482605934,0.2427891045808792,0.2990037500858307
2,2,0.06287448853254318,0.12324517965316772,0.6435161828994751,0.1703641414642334
0,0,0.969186007976532,0.030315816402435303,0.00024685641983523965,0.0002513402432668954
1,3,0.17103086411952972,0.0007888792315497994,0.02194567769765854,0.80623459815979
3,3,0.020665647462010384,0.3609890937805176,0.0002586997579783201,0.618086576461792
1,3,0.00033587447251193225,0.07741962373256683,0.2678126096725464,0.6544318795204163
3,3,0.000845897535327822,0.0028185751289129257,0.0012035294203087687,0.9951319694519043
1,1,0.25002530217170715,0.5165666937828064,0.23233149945735931,0.0010765469633042812
3,3,0.0004060497449245304,0.0003717420913744718,0.049783408641815186,0.9494388103485107
1,2,0.020457379519939423,0.20600491762161255,0.7699751257896423,0.003562556579709053
2,3,0.041708122938871384,0.002097541932016611,0.2911861538887024,0.6650082468986511
0,2,0.000888362352270633,0.000473544787382707,0.99842369556427,0.00021440281125251204
0,0,0.8990939855575562,4.6828092308714986e-05,0.0031681836117058992,0.09769100695848465
2,2,0.36228448152542114,0.0004980460507795215,0.632477879524231,0.004739609081298113
1,0,0.9938535690307617,0.0057447790168225765,0.00014726829249411821,0.00025440461467951536
0,0,0.5921022295951843,0.2667469084262848,0.14111880958080292,3.206512701581232e-05
3,3,0.09834299981594086,0.17089851200580597,0.0019683740101754665,0.7287901043891907
1,2,0.0011730415280908346,0.03427952155470848,0.9578611850738525,0.0066863358952105045
3,2,0.08102606981992722,0.052118077874183655,0.46616870164871216,0.4006871283054352
2,2,0.001799741992726922,0.00397590221837163,0.9834420084953308,0.010782296769320965
0,0,0.950393557548523,4.611704935086891e-05,0.04839916154742241,0.0011611268855631351
1,3,0.13394080102443695,0.18426106870174408,0.09276524931192398,0.5890328884124756
1,1,0.080876424908638,0.7751352190971375,0.14061376452445984,0.0033745637629181147
3,3,0.22531002759933472,0.044662732630968094,0.017619723454117775,0.7124075293540955
2,0,0.43797972798347473,0.2546670436859131,0.08901112526655197,0.21834219992160797
1,1,3.4556178434286267e-05,0.4567183554172516,0.43514978885650635,0.1080973669886589
1,1,0.3351108133792877,0.641961932182312,0.02288627438247204,4.097740020370111e-05
0,0,0.5977347493171692,0.02242588810622692,0.3219574987888336,0.05788184329867363
1,1,0.00011616486881393939,0.9179553985595703,0.0007458488107658923,0.08118265867233276
1,1,6.992447015363723e-05,0.8418277502059937,0.006621711887419224,0.1514805555343628
2,0,0.9935792684555054,0.0016490926500409842,0.0017818643245846033,0.0029897610656917095
2,2,0.00039931831997819245,0.002161344513297081,0.5925298929214478,0.40490949153900146
3,3,0.0008004789124242961,0.00018137837469112128,8.565386815462261e-05,0.9989325404167175
2,0,0.8340432047843933,0.005690023768693209,0.026986252516508102,0.13328051567077637
0,1,0.41736602783203125,0.5053538084030151,0.057158224284648895,0.02012198604643345
1,3,0.0060859015211462975,0.08999952673912048,0.00010247765021631494,0.903812050819397
0,3,0.14974656701087952,0.1998387575149536,0.14405500888824463,0.5063596963882446
2,2,0.005808056797832251,0.0017378393094986677,0.9911594986915588,0.0012946068309247494
3,1,0.05602229759097099,0.49405637383461,0.4343589246273041,0.015562362037599087
2,2,0.0002990394423250109,0.00013427877274807543,0.9994773268699646,8.936164522310719e-05
2,0,0.9989660978317261,0.0002101090649375692,0.0003225519903935492,0.00050118169747293
2,3,0.0013371191453188658,0.003638804191723466,0.09891478717327118,0.8961092829704285
1,1,0.3137527108192444,0.6537935733795166,0.03242040425539017,3.325845318613574e-05
1,0,0.9459296464920044,0.05335655063390732,0.00032541039399802685,0.0003883573808707297
0,2,0.038337353616952896,0.00048682818305678666,0.5827845931053162,0.37839123606681824
2,1,0.01009012758731842,0.7217215895652771,0.07859592884778976,0.18959231674671173
3,2,0.00047660371637903154,0.0025626898277550936,0.8039892911911011,0.19297142326831818
0,0,0.6436250805854797,0.26583823561668396,0.09049120545387268,4.5481861889129505e-05
0,0,0.9261902570724487,0.00017377878248225898,0.06551877409219742,0.008117172867059708
2,2,0.0003828693297691643,0.006853084545582533,0.988480806350708,0.004283237736672163
2,3,0.04712865874171257,0.00028156943153589964,0.009413382038474083,0.9431763887405396
3,3,0.00013630827015731484,3.899588773492724e-05,5.795251490781084e-05,0.9997667670249939
1,2,9.68263775575906e-05,0.0002120907447533682,0.8829782605171204,0.116712786257267
0,2,0.17098478972911835,0.13130585849285126,0.46851497888565063,0.22919438779354095
1,3,0.002097449032589793,0.0145449573174119,0.028430115431547165,0.9549274444580078
3,0,0.4572257697582245,0.3037826716899872,0.06014147773385048,0.17885011434555054
1,1,0.19679109752178192,0.7965999245643616,0.0003763885179068893,0.006232556886970997
1,1,7.58571841288358e-05,0.6064727902412415,0.39326006174087524,0.00019131098815705627
1,2,0.03794293850660324,0.3977877199649811,0.5637430548667908,0.0005263168131932616
3,1,0.01350026112049818,0.8185058832168579,0.015224747359752655,0.152769073843956
2,1,0.024440499022603035,0.8782495856285095,0.0016101088840514421,0.0956997498869896
3,3,0.0013944561360403895,0.02569335326552391,0.0054102130234241486,0.9675019979476929
1,1,0.009070325642824173,0.8648319840431213,9.038656571647152e-05,0.1260073333978653
1,3,0.0020747485104948282,0.00013606908032670617,0.43489375710487366,0.5628953576087952
0,1,0.15547776222229004,0.5019398331642151,0.18040184676647186,0.1621805876493454
3,2,0.2846793234348297,0.07236649841070175,0.3390241861343384,0.30393004417419434
0,0,0.6897833347320557,6.849376950412989e-05,4.931012517772615e-05,0.3100988566875458
1,2,0.07878582179546356,0.18844562768936157,0.3992014229297638,0.33356714248657227
3,3,8.16822430351749e-05,0.0707174688577652,0.00036740678478963673,0.9288334846496582
2,2,0.22060881555080414,0.09140537679195404,0.3913736939430237,0.2966121435165405
0,2,0.05657774209976196,0.1276775449514389,0.6120319366455078,0.20371274650096893
2,2,9.37478689593263e-05,0.3050682842731476,0.6945614814758301,0.00027650821721181273
3,0,0.7696771621704102,0.18185582756996155,0.0006884101894684136,0.04777860641479492
0,0,0.9784736037254333,0.004356571473181248,0.00845260452479124,0.008717185817658901
3,3,0.28418612480163574,0.1462910771369934,7.154134073061869e-05,0.5694512128829956
2,2,0.14840786159038544,4.686153260990977e-05,0.8515165448188782,2.8777256375178695e-05
3,3,0.0003261787351220846,0.00028355763060972095,0.0003104933421127498,0.999079704284668
3,2,0.00015159367467276752,0.0017086425796151161,0.5820134282112122,0.4161263108253479
0,0,0.9933276176452637,0.006561694201081991,6.207056867424399e-05,4.866119343205355e-05
3,3,0.0006695351912640035,4.097012060810812e-05,0.00651569152250886,0.9927737712860107
1,1,0.0020653174724429846,0.989345371723175,0.008022326976060867,0.0005669622332789004
0,0,0.9982777833938599,0.00010417059093015268,6.456574192270637e-05,0.001553399721160531
3,3,0.0009368193568661809,6.041875167284161e-05,0.0005945707089267671,0.9984081387519836
0,0,0.7136970162391663,0.1667257696390152,0.004455920774489641,0.11512119323015213
3,1,0.32373297214508057,0.5810176134109497,4.066835026605986e-05,0.0952087789773941
1,3,0.027814142405986786,0.00013686307647731155,0.0059786951169371605,0.9660703539848328
0,0,0.9307666420936584,0.00038507432327605784,0.0005638516158796847,0.06828437745571136
1,1,0.00019063169020228088,0.8510622382164001,0.016189049929380417,0.13255800306797028
1,2,0.13860905170440674,0.08022809028625488,0.47731903195381165,0.3038438558578491
3,3,0.001852856483310461,0.00040633423486724496,7.992825703695416e-05,0.9976608753204346
0,0,0.9955238103866577,0.003037484595552087,0.0011087366146966815,0.0003298971860203892
3,3,0.008748622611165047,0.020378373563289642,0.004038651008158922,0.9668343663215637
0,1,0.2959924042224884,0.6843469738960266,0.011805468238890171,0.007855149917304516
1,1,0.05140071362257004,0.944656252861023,0.003660104237496853,0.0002828904252965003
1,1,0.3144185543060303,0.6854071617126465,0.0001095630505005829,6.468678475357592e-05
1,3,0.006435737479478121,0.3152921795845032,0.0026369590777903795,0.675635039806366
1,1,0.0009538840968161821,0.9973390698432922,0.0007716984255239367,0.0009352898923680186
0,3,0.36400365829467773,0.034107863903045654,0.03751536086201668,0.5643731355667114
3,3,0.0016375636914744973,0.00011903206177521497,0.00018907329649664462,0.9980543851852417
2,2,0.30986958742141724,0.2846347689628601,0.404634952545166,0.0008606400806456804
1,1,0.04125532880425453,0.5379794836044312,0.23502546548843384,0.18573971092700958
0,0,0.9976443648338318,6.0905142163392156e-05,6.263720570132136e-05,0.0022320549469441175
3,2,0.023750057443976402,0.11938789486885071,0.44755178689956665,0.4093101918697357
2,1,0.008884944021701813,0.5493998527526855,0.30008307099342346,0.14163215458393097
1,2,0.11698729544878006,0.0892670527100563,0.7883284091949463,0.005417181644588709
0,3,0.0016723057487979531,0.0015452485531568527,0.055619996041059494,0.9411624073982239
0,0,0.6721542477607727,0.11940093338489532,0.20480526983737946,0.003639587666839361
2,1,0.003483314299955964,0.5328050851821899,0.4636427164077759,6.885914626764134e-05
3,3,0.0016111555742099881,0.018841248005628586,0.001510493690147996,0.9780371785163879
3,3,0.0005190936499275267,0.35540053248405457,0.04105769842863083,0.6030226945877075
2,1,0.0011468074517324567,0.998715877532959,5.5585951486136764e-05,8.17378459032625e-05
2,2,0.00043403409654274583,0.0003066019562538713,0.9989532232284546,0.00030606964719481766
0,0,0.9997678399085999,9.224866516888142e-05,0.00010110357106896117,3.880091026076116e-05
1,2,8.540861017536372e-05,0.46594202518463135,0.5336137413978577,0.00035873320302926004
0,0,0.9997503161430359,0.00010824803757714108,6.780188414268196e-05,7.365483907051384e-05
1,1,4.882750363321975e-05,0.9992484450340271,0.0006431277724914253,5.9562778915278614e-05
3,0,0.9905855059623718,0.007468102499842644,0.00026130577316507697,0.001685048919171095
0,0,0.851591169834137,0.11878970265388489,0.028488680720329285,0.0011304640211164951
2,3,0.0009587157401256263,0.0130126578733325,0.0015401963610202074,0.9844883680343628
3,3,0.0003039591829292476,0.0015348574379459023,0.0004689082270488143,0.997692346572876
0,2,0.0708175003528595,0.0004503683594521135,0.5506072640419006,0.3781248927116394
1,1,9.717668581288308e-05,0.7455344200134277,0.0016482180217280984,0.2527201473712921
0,1,0.16784705221652985,0.5368589758872986,0.032560087740421295,0.2627338469028473
3,3,0.039486806839704514,0.040856532752513885,0.0008449563756585121,0.9188116788864136
0,0,0.9996461868286133,0.00015959648590069264,7.216822996269912e-05,0.00012200029595987871
1,2,5.178060018806718e-05,0.24483561515808105,0.5139009356498718,0.24121171236038208
1,1,0.0007818643935024738,0.9611160159111023,0.03784145414829254,0.00026064718258567154
3,3,0.015043539926409721,7.01292883604765e-05,5.7214172556996346e-05,0.9848291277885437
1,2,0.011452959850430489,0.00455298600718379,0.9835477471351624,0.0004463722580112517
0,2,0.0005211623501963913,0.3856988251209259,0.6134410500526428,0.00033895508386194706
2,2,0.008416324853897095,0.017978226765990257,0.5553056597709656,0.4182998239994049
3,3,0.0005029019084759057,0.00022696939413435757,0.00039457660750485957,0.9988755583763123
2,1,0.08382972329854965,0.5111692547798157,0.2087475210428238,0.19625352323055267
3,3,0.00037550757406279445,0.0003594141744542867,0.0002736558672040701,0.9989914298057556
2,2,0.31646478176116943,5.8285018894821405e-05,0.6819639205932617,0.0015131117543205619
0,0,0.9785621762275696,6.905100599396974e-05,0.008670014329254627,0.01269868016242981
1,1,0.0004474561719689518,0.5453904271125793,0.016553623601794243,0.4376085102558136
2,2,0.0002204536576755345,0.04443454369902611,0.9552862048149109,5.876911382074468e-05
1,1,6.34250754956156e-05,0.9978528022766113,0.000876604754012078,0.0012071070959791541
3,3,0.00041515217162668705,0.0010805930942296982,0.0024135943967849016,0.9960907101631165
1,1,0.012259076349437237,0.9411810040473938,0.0016398949082940817,0.04492003470659256
1,1,0.0009133704006671906,0.9986706972122192,0.0003048837825190276,0.00011102325515821576
3,3,0.02143906243145466,0.02835015580058098,0.02895718440413475,0.9212536811828613
2,2,0.006118160206824541,0.002681890269741416,0.9834921956062317,0.007707755081355572
2,0,0.8974030613899231,0.06284809857606888,0.00026650883955881,0.03948230668902397
0,0,0.9910480380058289,0.0018152828561142087,0.0009172196150757372,0.0062194219790399075
0,3,0.37722522020339966,0.0003433374804444611,7.16595386620611e-05,0.6223597526550293
2,2,0.004111612215638161,0.0022936598397791386,0.608552873134613,0.38504186272621155
1,2,0.017925774678587914,0.01301611214876175,0.8581451177597046,0.11091307550668716
1,0,0.3892499506473541,0.3369702696800232,0.19243046641349792,0.08134930580854416
3,2,0.0006051788222976029,0.008240859024226665,0.8187527060508728,0.17240124940872192
3,3,0.0002772511506918818,0.0024826517328619957,0.28610536456108093,0.711134672164917
3,3,3.874548201565631e-05,5.444119597086683e-05,3.594124791561626e-05,0.999870777130127
0,0,0.9996250867843628,0.00013730538194067776,9.524253255221993e-05,0.00014238977746572345
2,0,0.7345594167709351,0.06617806106805801,0.1991744190454483,8.804545359453186e-05
2,2,0.000676407478749752,0.24697189033031464,0.7515445351600647,0.0008071046322584152
1,1,0.19160595536231995,0.7984125018119812,0.009432482533156872,0.0005490703042596579
2,1,0.01281439047306776,0.983849048614502,0.0020758321043103933,0.0012606827076524496
3,1,0.00029563999851234257,0.8670838475227356,0.006501246243715286,0.1261192411184311
3,0,0.9120296835899353,0.07354962825775146,0.0008623816538602114,0.01355830766260624
0,0,0.4473544955253601,0.3788313567638397,0.17364516854286194,0.00016894657164812088
1,0,0.7066592574119568,0.0017834671307355165,0.2422197312116623,0.04933757707476616
2,2,0.12432169169187546,0.00010526693949941546,0.6865717768669128,0.18900126218795776
2,1,7.02687248121947e-05,0.945388913154602,0.05438902974128723,0.0001518596545793116
2,1,0.0005983079317957163,0.9504374861717224,0.048327259719371796,0.0006369950715452433
1,3,0.15499094128608704,0.11550047993659973,0.10139242559671402,0.6281161308288574
0,0,0.9830659627914429,0.009837121702730656,0.0018780186073854566,0.0052189454436302185
1,0,0.8792165517807007,0.07206401973962784,0.0026115807704627514,0.04610780254006386
0,0,0.9943363070487976,0.0009928669314831495,0.003620911156758666,0.001049891347065568
3,3,0.008014964871108532,0.054403044283390045,0.20110438764095306,0.7364776134490967
2,2,0.014301721937954426,0.02645730786025524,0.9228375554084778,0.03640342131257057
2,3,0.3719393014907837,0.051040273159742355,0.18476101756095886,0.3922593891620636
3,0,0.805758535861969,0.15071402490139008,0.004870954435318708,0.03865645080804825
2,0,0.8074476718902588,0.0021797968074679375,0.1899998039007187,0.00037269011954776943
1,0,0.8793998956680298,0.12027838826179504,0.00021621448104269803,0.00010550452134339139
2,0,0.7001067996025085,0.011966806836426258,0.2229616492986679,0.06496477127075195
2,2,0.2709709107875824,0.031351570039987564,0.6628714799880981,0.034806106239557266
0,3,0.051155634224414825,0.06110655516386032,0.021833522245287895,0.8659042716026306
1,2,0.0055095781572163105,0.13616597652435303,0.8348924517631531,0.0234319306910038
3,1,0.07660583406686783,0.5924702286720276,0.08108792454004288,0.24983608722686768
2,2,0.17253445088863373,0.06376689672470093,0.6821675896644592,0.0815311074256897
0,0,0.4852100908756256,0.44754329323768616,0.06673946231603622,0.0005071777268312871
3,3,0.00046592234866693616,0.0030837024096399546,0.00028533078148029745,0.9961650371551514
3,0,0.650238037109375,0.0006517263827845454,0.003063175594434142,0.3460470139980316
0,0,0.992318868637085,0.007433151826262474,0.00013038137694820762,0.0001176655714516528
2,2,0.01792054809629917,0.01282946765422821,0.7031983733177185,0.26605167984962463
0,1,0.02255345694720745,0.9306128025054932,0.0392061248421669,0.007627604063600302
2,2,0.1526149958372116,0.2945329248905182,0.4978150725364685,0.055036939680576324
1,1,0.00017040777311194688,0.9994168281555176,0.000202347626327537,0.00021036871476098895
0,2,0.4086204469203949,0.00011943394929403439,0.5911575555801392,0.00010257333633489907
2,2,0.0003964836650993675,5.6900760682765394e-05,0.9994818568229675,6.47940905764699e-05
0,2,0.41364845633506775,0.0011034596245735884,0.5837841629981995,0.0014639586443081498
3,3,0.0005053950008004904,0.0013542979722842574,0.00030517159029841423,0.9978352189064026
1,0,0.44085201621055603,0.38144877552986145,0.17759548127651215,0.00010367706272518262
2,2,7.842694321880117e-05,0.4684833884239197,0.5313429236412048,9.525640052743256e-05
1,1,0.0003330429317429662,0.9995063543319702,7.941385410958901e-05,8.11815116321668e-05
3,3,0.0536557100713253,0.0007155294879339635,0.0011734496802091599,0.9444553256034851
0,0,0.9810118675231934,0.01711261086165905,0.0007929292041808367,0.0010826362995430827
3,3,0.40566563606262207,0.0020848007407039404,0.020660987123847008,0.5715885758399963
0,2,0.3291288912296295,0.010543773882091045,0.37269702553749084,0.2876302897930145
0,0,0.9920565485954285,0.0002564017486292869,0.007523087318986654,0.00016387019422836602
1,1,0.0025246944278478622,0.9973663687705994,6.954661512281746e-05,3.932814797735773e-05
3,0,0.9515204429626465,0.009002020582556725,0.0002679207536857575,0.03920958563685417
2,2,0.03922509029507637,0.008393705822527409,0.886067271232605,0.0663139745593071
0,1,0.02382844127714634,0.8730964660644531,0.02041027322411537,0.08266482502222061
0,2,0.0017774333246052265,0.06734436750411987,0.9284149408340454,0.00246321689337492
0,0,0.7277697920799255,0.015399488620460033,0.11936204880475998,0.1374685913324356
2,2,0.16696950793266296,0.00038109085289761424,0.8320889472961426,0.0005604285397566855
2,2,0.00016051082639023662,0.19590365886688232,0.8038445115089417,9.13465628400445e-05
0,0,0.9527525305747986,0.016309071332216263,0.00010613488120725378,0.03083229251205921
0,0,0.9996641874313354,7.644673314644024e-05,0.00016947223048191518,8.987290493678302e-05
1,1,0.1874295026063919,0.47551727294921875,0.33532366156578064,0.001729537732899189
0,0,0.7923505306243896,0.20741313695907593,0.0002016164653468877,3.468336944933981e-05
3,3,0.13239020109176636,0.04347102716565132,0.0006338275270536542,0.8235049843788147
1,1,0.03255736082792282,0.6527805924415588,0.3142883777618408,0.00037360991700552404
2,3,0.004171879030764103,0.020459812134504318,0.457528680562973,0.5178396105766296
0,2,0.08080346882343292,0.4029819369316101,0.4533217251300812,0.06289290636777878
1,2,0.08220227062702179,0.3151029646396637,0.4647628664970398,0.13793186843395233
1,1,0.0005327413091436028,0.9972857236862183,0.0004941311781294644,0.0016874113352969289
3,3,0.14916816353797913,0.14774276316165924,0.3103378713130951,0.39275115728378296
3,3,0.00022551737492904067,0.000291274773189798,0.0009647079859860241,0.9985185265541077
2,3,0.1971561312675476,0.18780826032161713,0.11210004985332489,0.502935528755188
2,2,0.014873153530061245,0.00015620351769030094,0.9848909974098206,7.966265548020601e-05
0,0,0.48885446786880493,0.07250344753265381,0.35130780935287476,0.0873342826962471
2,3,0.026279019191861153,0.000560952874366194,0.06246253103017807,0.9106975197792053
2,2,0.0005459090461954474,0.005351616069674492,0.9929965138435364,0.001105990493670106
0,1,0.008110187947750092,0.9889602661132812,0.0013692313805222511,0.001560361823067069
3,3,0.0003571936395019293,0.0005312463035807014,0.0005139925051480532,0.9985975623130798
2,1,0.0005414173938333988,0.997873067855835,0.0002830683079082519,0.001302471267990768
0,1,0.36847713589668274,0.6170060634613037,0.01335813570767641,0.001158671686425805
1,1,0.011506260372698307,0.8203215599060059,0.007086195517331362,0.1610860824584961
1,1,0.35893338918685913,0.6237514019012451,0.015192270278930664,0.002122909529134631
0,0,0.9458434581756592,0.006161009427160025,4.2291776480851695e-05,0.04795330390334129
2,2,0.006429195869714022,0.00029633304802700877,0.5934001803398132,0.3998742997646332
0,0,0.9977889060974121,0.00019539930508472025,0.001866887672804296,0.00014877917419653386
0,2,0.011298713274300098,0.007592161186039448,0.9784397482872009,0.0026693828403949738
1,3,0.016532104462385178,0.48901909589767456,9.381637937622145e-05,0.4943549931049347
1,1,0.0006128738168627024,0.9990131855010986,0.00018371509213466197,0.00019022083142772317
0,2,0.005646638572216034,0.002579739782959223,0.559074878692627,0.4326987564563751
3,3,0.03718998283147812,0.09639141708612442,0.033331986516714096,0.8330866098403931
0,0,0.9995226860046387,0.00032341692713089287,5.452073673950508e-05,9.933704131981358e-05
0,0,0.9994246959686279,6.933818804100156e-05,7.1531037974637e-05,0.0004345051129348576
0,2,0.20554280281066895,0.0001732216915115714,0.4707861542701721,0.32349783182144165
1,0,0.8501603603363037,0.14925611019134521,8.848989091347903e-05,0.0004950433503836393
2,0,0.9991175532341003,0.0003305744321551174,0.0002740359923336655,0.00027784245321527123
0,0,0.7950904369354248,0.023325365036725998,0.10865990072488785,0.07292430847883224
1,1,9.789791511138901e-05,0.9997798800468445,6.392558134393767e-05,5.825137850479223e-05
0,0,0.7581850290298462,0.10781622678041458,0.06770842522382736,0.06629031151533127
1,1,0.0014683576300740242,0.6974296569824219,0.11607675999403,0.18502523005008698
3,3,0.005468714516609907,0.0053757671266794205,0.00626335246488452,0.9828921556472778
3,3,0.00022589178115595132,0.0008668463560752571,9.029171633301303e-05,0.9988170862197876
2,1,0.0007271903450600803,0.48571938276290894,0.4036484658718109,0.10990500450134277
3,3,0.005158349871635437,0.050873495638370514,0.000257544859778136,0.9437105059623718
0,0,0.5609879493713379,0.003778510494157672,0.43177077174186707,0.003462716704234481
1,1,7.882173667894676e-05,0.9992511868476868,0.0005557542317546904,0.00011421506496844813
3,3,0.13537882268428802,0.00022109261772129685,0.001873853150755167,0.8625262975692749
0,0,0.9996516704559326,5.6813471019268036e-05,0.00017211097292602062,0.00011949256440857425
1,1,0.000414895243011415,0.9903580546379089,8.92712632776238e-05,0.009137891232967377
0,0,0.9849652051925659,0.0029318206943571568,0.00023159918782766908,0.011871411465108395
0,0,0.43703922629356384,0.21497103571891785,0.00166326982434839,0.34632641077041626
2,2,0.002529940102249384,0.00020065961871296167,0.9965121150016785,0.0007572576869279146
2,1,0.019046371802687645,0.7903602123260498,0.15402933955192566,0.03656412661075592
2,0,0.923255205154419,0.00013718860282097012,0.07642748206853867,0.00018009933410212398
0,2,0.44765177369117737,0.0035776090808212757,0.5484998226165771,0.0002707874809857458
1,3,0.22888003289699554,0.029881661757826805,0.009822082705795765,0.7314162254333496
3,3,0.001812993548810482,0.00032196295796893537,6.871520599815995e-05,0.9977962970733643
0,3,0.2579360008239746,0.2481553703546524,4.0809907659422606e-05,0.49386778473854065
2,2,0.021071478724479675,0.3460191488265991,0.6153349876403809,0.017574405297636986
0,0,0.9841869473457336,0.006779381074011326,0.003226599656045437,0.005807079374790192
3,3,0.00011178516433574259,0.028209472075104713,0.4231192171573639,0.5485595464706421
0,0,0.8505162000656128,0.00028566326363943517,0.029506361111998558,0.11969179660081863
0,0,0.7544260621070862,0.11156443506479263,0.00943740550428629,0.12457217276096344
0,0,0.7149356007575989,0.2725667655467987,0.00898819975554943,0.00350948260165751
1,1,7.962131348904222e-05,0.9255828261375427,0.07028443366289139,0.004053163807839155
1,1,0.0006279273075051606,0.5934088230133057,0.001044128555804491,0.4049191474914551
2,0,0.6765433549880981,0.01802818663418293,0.009875536896288395,0.29555290937423706
1,1,0.06571745127439499,0.6848862767219543,0.18156667053699493,0.06782954931259155
3,0,0.4508039653301239,0.06514403969049454,0.07622184604406357,0.407830148935318
3,3,0.00037002083263359964,0.008934544399380684,0.00039974768878892064,0.9902955889701843
2,2,0.00014682143228128552,0.00032858180929906666,0.8642300367355347,0.13529455661773682
2,2,0.018166793510317802,0.0005411151796579361,0.98091059923172,0.0003814405354205519
0,0,0.6342233419418335,0.0004924635286442935,0.00013185876014176756,0.36515235900878906
3,3,8.179913129424676e-05,0.005748337600380182,0.0001566763676237315,0.9940131306648254
3,0,0.6035252213478088,0.021411340683698654,0.022786449640989304,0.3522769808769226
3,3,5.919437899137847e-05,0.17007941007614136,6.667092384304851e-05,0.8297947645187378
1,0,0.8261315226554871,0.15153072774410248,6.543794006574899e-05,0.022272353991866112
1,0,0.3673968017101288,0.25944098830223083,0.3648424744606018,0.008319709450006485
3,1,9.07844805624336e-05,0.5394759774208069,0.004958816338330507,0.45547446608543396
3,0,0.4938005805015564,0.005402699112892151,0.2075752168893814,0.29322150349617004
2,1,0.0011803263332694769,0.8052562475204468,0.18563853204250336,0.007924838922917843
3,1,0.20078322291374207,0.29872265458106995,0.2838262915611267,0.2166678011417389
3,0,0.4228649139404297,4.2342173401266336e-05,0.20609930157661438,0.37099340558052063
2,2,0.0013406809885054827,0.003416521707549691,0.9949333071708679,0.0003094401035923511
0,0,0.5291990041732788,0.0003657700726762414,0.001305548707023263,0.46912968158721924
0,0,0.9652755856513977,0.02585056610405445,0.007510751485824585,0.0013631123583763838
1,1,0.011055356822907925,0.9634634256362915,0.016203392297029495,0.009277875535190105
1,1,0.18965522944927216,0.6485511064529419,0.1279807835817337,0.03381289169192314
2,2,9.174630395136774e-05,0.0001699887216091156,0.9991807341575623,0.0005574871320277452
0,0,0.4444040358066559,0.40810802578926086,0.13323833048343658,0.014249539002776146
2,2,0.0003357968234922737,0.2760293483734131,0.7232859134674072,0.00034891616087406874
1,2,0.007373707368969917,0.003183589084073901,0.9845482707023621,0.004894489422440529
0,2,0.2756674587726593,0.021189706400036812,0.7030691504478455,7.365501369349658e-05
0,0,0.9787592887878418,0.0020007265266031027,0.0024413177743554115,0.01679864153265953
0,3,0.0012287904974073172,3.520137397572398e-05,0.00015635992167517543,0.9985796213150024
0,2,0.31085774302482605,0.00020611715444829315,0.6885452270507812,0.000390829547541216
3,3,0.001602850970812142,0.00012917137064505368,0.005574953276664019,0.9926929473876953
3,0,0.9008356928825378,0.03066270612180233,0.05076172947883606,0.017739800736308098
1,1,0.0015385352307930589,0.4857117831707001,0.41777855157852173,0.09497109055519104
2,2,0.0009985192446038127,0.001972158905118704,0.9953662157058716,0.0016631778562441468
1,1,0.019630737602710724,0.8683942556381226,0.1119326502084732,4.22966513724532e-05
1,1,8.55829130159691e-05,0.739691436290741,0.06054054945707321,0.19968241453170776
0,0,0.9981858134269714,0.0003609525447245687,0.0008000258821994066,0.0006531956023536623
2,3,0.00033184204949066043,0.0015141292242333293,0.0004713148227892816,0.9976826906204224
0,0,0.5658411979675293,0.4089754521846771,0.023903217166662216,0.0012801609700545669
3,1,0.21286965906620026,0.731857419013977,0.008804519660770893,0.04646848142147064
3,3,0.00014479656238108873,0.2429729700088501,7.156297215260565e-05,0.75681072473526
3,3,0.00029998301761224866,6.037312778062187e-05,5.9750163927674294e-05,0.9995798468589783
3,0,0.9896013140678406,0.0020666534546762705,0.00145309092476964,0.0068790242075920105
0,0,0.700290322303772,4.385585998534225e-05,0.03921254351735115,0.2604532241821289
2,1,0.004608334973454475,0.9603684544563293,0.029846664518117905,0.0051766037940979
3,3,5.2882191084790975e-05,4.590621028910391e-05,4.376484503154643e-05,0.9998574256896973
3,1,0.039382897317409515,0.5546765327453613,0.006068691145628691,0.3998718559741974
2,2,0.018648525699973106,0.002540385816246271,0.9785578846931458,0.0002532612415961921
1,1,6.457754352595657e-05,0.7661193609237671,0.003102008020505309,0.2307141125202179
1,1,0.0003103320486843586,0.9976651668548584,0.0003542508347891271,0.0016702224966138601
1,1,0.01767904870212078,0.9253531098365784,0.025280417874455452,0.03168746083974838
1,1,0.0002892026968766004,0.9964913725852966,0.0013172923354431987,0.0019021389307454228
2,2,3.6148350773146376e-05,0.0016884654760360718,0.9982213377952576,5.39559950993862e-05
1,1,0.0017859593499451876,0.9945411086082458,0.0012697181664407253,0.002403218299150467
1,1,0.0012530279345810413,0.9964970946311951,0.0011060030665248632,0.0011438101064413786
1,0,0.9910820722579956,0.004603782203048468,0.0017356822500005364,0.0025784014724195004
0,1,0.001956886611878872,0.990461528301239,0.005241377279162407,0.0023401377256959677
1,0,0.7798163890838623,0.0003599258197937161,0.21694932878017426,0.0028743790462613106
1,1,0.0014452465111389756,0.9984267950057983,8.457373769488186e-05,4.3425279727671295e-05
2,2,0.00044673297088593245,0.005735727027058601,0.9873374104499817,0.006480061449110508
3,0,0.47224462032318115,0.15465031564235687,0.14860963821411133,0.22449541091918945
3,3,0.00020227348431944847,0.3461597263813019,0.00011832300515379757,0.6535196900367737
1,0,0.960308849811554,0.039541564881801605,6.426103209378198e-05,8.533200161764398e-05
0,1,0.0003339049289934337,0.9204985499382019,0.00048259698087349534,0.07868492603302002
3,3,0.04923984408378601,0.0002699597389437258,0.00333199230954051,0.9471582174301147
1,2,0.013486695475876331,0.1531829982995987,0.8301312923431396,0.003198968479409814
0,0,0.847859799861908,0.000294522091280669,0.0004178385715931654,0.15142786502838135
2,2,0.0033254900481551886,0.2530725300312042,0.7434391379356384,0.00016288112965412438
2,2,0.00013831834075972438,0.00014049868332222104,0.9996254444122314,9.571002738084644e-05
3,3,0.45337116718292236,0.00833070743829012,0.00031709077302366495,0.5379809737205505
3,3,0.00018470577197149396,5.300414704834111e-05,6.924603803781793e-05,0.9996930360794067
0,0,0.832815408706665,0.12914149463176727,0.03754274547100067,0.0005003491532988846
3,3,0.01853512041270733,0.1049971953034401,0.14175257086753845,0.7347151637077332
2,2,0.00015386649465654045,6.103814666857943e-05,0.8315172791481018,0.16826790571212769
0,3,0.35485368967056274,4.5893182686995715e-05,0.021630123257637024,0.6234702467918396
1,1,0.0006760740070603788,0.901453971862793,0.09632276743650436,0.0015471525257453322
3,1,0.07081352919340134,0.5263965725898743,0.4027649760246277,2.4955648768809624e-05
0,1,0.1694955825805664,0.8094988465309143,0.0029313056729733944,0.01807432249188423
1,3,0.39640703797340393,0.10070686787366867,0.06000669300556183,0.44287943840026855
0,3,0.272856742143631,0.0001363542687613517,0.006403388921171427,0.7206035852432251
1,1,0.0004148944572079927,0.9743592739105225,0.0022853908594697714,0.02294038236141205
3,3,0.00044059939682483673,0.00010890114936046302,9.057422721525654e-05,0.9993599057197571
2,2,0.00048284674994647503,0.00018033692322205752,0.9967058300971985,0.0026309245731681585
2,1,0.06874951720237732,0.6457600593566895,0.0055184452794492245,0.2799719572067261
1,1,0.2919336259365082,0.7077101469039917,0.00012274774780962616,0.0002334794116904959
0,2,0.21398164331912994,0.16037455201148987,0.5017034411430359,0.1239403709769249
0,0,0.9972440004348755,0.00022031631669960916,0.0006560034235008061,0.0018796666990965605
3,3,0.08704560250043869,0.16796627640724182,0.0002707710082177073,0.7447173595428467
2,2,0.00028878432931378484,0.000332957279169932,0.996589183807373,0.0027890908531844616
0,0,0.46746546030044556,0.456657350063324,0.0012144253123551607,0.07466282695531845
0,0,0.8129662871360779,3.9171616663224995e-05,6.024203321430832e-05,0.18693429231643677
2,2,0.3251012861728668,4.621268089977093e-05,0.6313429474830627,0.043509554117918015
2,0,0.534132719039917,0.33588463068008423,0.07824664562940598,0.0517360121011734
0,0,0.938126802444458,0.06077650189399719,0.0006602412322536111,0.0004363749467302114
1,2,0.00013278381084091961,0.02313064970076084,0.7391117811203003,0.23762482404708862
1,1,0.00237276847474277,0.9956421852111816,0.0005264219944365323,0.0014585575554519892
1,1,0.005060130730271339,0.9843350648880005,0.00010220452531939372,0.010502518154680729
0,0,0.9664735794067383,0.030655013397336006,0.0018972966354340315,0.0009740522364154458
0,0,0.9857169389724731,0.00031660322565585375,0.00033510776120238006,0.013631333597004414
0,0,0.5488381385803223,0.15932971239089966,0.14066465198993683,0.15116745233535767
0,0,0.9953733086585999,4.2321797081967816e-05,0.004542226903140545,4.215450826450251e-05
0,1,0.2931530475616455,0.7060912847518921,0.0003972738632000983,0.0003584020014386624
0,1,0.030429113656282425,0.9593249559402466,0.008388701826334,0.0018571909749880433
1,1,0.000512760947458446,0.41153258085250854,0.35530197620391846,0.2326526641845703
0,3,0.40832215547561646,0.006563280243426561,0.006583896465599537,0.5785306692123413
1,2,0.013670696876943111,0.03009362518787384,0.9524767994880676,0.003758844919502735
2,2,0.0004928684211336076,0.13761179149150848,0.8170830607414246,0.04481222480535507
3,1,0.3574022948741913,0.6396580338478088,0.00021147227380424738,0.0027281614020466805
0,1,0.3457332253456116,0.5498666167259216,0.09927219897508621,0.005127959884703159
0,0,0.7957158088684082,0.006285979878157377,0.1971144825220108,0.000883705448359251
0,2,0.014094608835875988,0.018676508218050003,0.8804835677146912,0.08674541115760803
0,0,0.6424926519393921,0.2791668474674225,0.07795123010873795,0.00038931387825869024
3,3,0.0002655042626429349,0.3363938629627228,0.00013791490346193314,0.663202702999115
2,2,0.428688108921051,0.007647623308002949,0.563606858253479,5.740819688071497e-05
3,3,0.02718457765877247,0.0009783791610971093,0.13143925368785858,0.8403977751731873
3,3,0.007349725812673569,0.007474956568330526,0.19407181441783905,0.7911034822463989
3,3,0.00019433484703768045,0.0006628624978475273,0.00021130165259819478,0.9989315867424011
0,1,0.043031658977270126,0.5240893959999084,0.12045484781265259,0.3124241232872009
1,1,0.17081953585147858,0.5025526285171509,0.1333879679441452,0.19323985278606415
2,0,0.5786400437355042,0.011659340932965279,0.3461489677429199,0.06355158239603043
3,1,0.00011365344835212454,0.9963339567184448,0.001966838724911213,0.0015854829689487815
1,2,0.05483798310160637,0.014369617216289043,0.9124994874000549,0.018292788416147232
0,0,0.9995949864387512,0.00027776428032666445,6.334137287922204e-05,6.387798930518329e-05
0,0,0.964249849319458,0.02476351149380207,0.006634513847529888,0.004352075047791004
2,2,0.00011106088641099632,0.020353181287646294,0.9679331183433533,0.01160262618213892
2,2,0.06366412341594696,0.04880894720554352,0.6939618587493896,0.19356508553028107
2,2,8.687990339240059e-05,0.2700124680995941,0.7298454642295837,5.513750511454418e-05
2,2,0.0006543667404912412,8.31889919936657e-05,0.9991185069084167,0.0001439444167772308
1,1,0.020134586840867996,0.9528449773788452,0.0025005184579640627,0.024519942700862885
2,2,8.052610792219639e-05,0.41416698694229126,0.5848340392112732,0.0009184507071040571
2,2,0.14581969380378723,0.00019048317335546017,0.8533579707145691,0.0006318421219475567
0,1,0.061305172741413116,0.5062538981437683,0.00012966859503649175,0.4323112666606903
0,0,0.6841065287590027,0.00010221961565548554,0.3136416971683502,0.002149535808712244
1,1,0.02240515686571598,0.9763559103012085,0.00032074074260890484,0.0009181676432490349
0,3,0.0030784974806010723,0.001057200599461794,0.06977181881666183,0.9260925054550171
0,1,0.4455014169216156,0.4603382647037506,0.09412354975938797,3.6783283576369286e-05
2,2,0.015001155436038971,0.01132640428841114,0.6288070678710938,0.3448653519153595
0,2,0.0011892234906554222,0.0010951816802844405,0.9904816746711731,0.007233899552375078
1,1,6.270462472457439e-05,0.9944422841072083,0.005244304891675711,0.00025067359092645347
1,1,0.041713327169418335,0.9174368977546692,0.04061863571405411,0.00023105657601263374
3,0,0.8991230130195618,0.02952425368130207,0.02812940441071987,0.04322328791022301
3,3,6.374116492224857e-05,0.0002464142453391105,0.0015925781335681677,0.9980972409248352
3,3,0.00040936365257948637,0.0002976852410938591,0.0005867936997674406,0.9987062215805054
1,1,9.840737038757652e-05,0.9947303533554077,9.659985516918823e-05,0.005074600223451853
3,3,6.138392200227827e-05,8.001056266948581e-05,0.014500309713184834,0.9853583574295044
0,3,0.08509990572929382,0.08428109437227249,0.11088942736387253,0.7197296023368835
0,0,0.9990585446357727,0.0006700331578031182,0.00014346817624755204,0.00012793698988389224
3,1,0.027597635984420776,0.9324499368667603,0.00039925327291712165,0.03955307602882385
0,1,0.39784520864486694,0.6014735698699951,3.3640259061940014e-05,0.000647574313916266
3,3,0.14185494184494019,0.05883287265896797,0.036282122135162354,0.7630300521850586
3,3,5.3013271099189296e-05,0.3070353865623474,0.00023614832025486976,0.6926754713058472
1,1,0.0049943565391004086,0.9745060205459595,0.008182777091860771,0.012316823936998844
0,0,0.8728492856025696,0.010099484585225582,0.007941912859678268,0.10910928249359131
2,2,0.0942782610654831,0.2853025197982788,0.6200430989265442,0.0003761165135074407
2,2,0.016172368079423904,0.2411849945783615,0.7415305972099304,0.0011119786649942398
1,0,0.9898321628570557,0.000137481460114941,0.005257539916783571,0.004772836342453957
0,3,0.012223806232213974,0.00033639470348134637,0.4644593298435211,0.5229805111885071
3,0,0.7962063550949097,0.15207962691783905,0.00024238369951490313,0.051471590995788574
0,0,0.9983958601951599,0.0008941973792389035,0.0002781155926641077,0.0004317981656640768
0,2,0.16063055396080017,0.050551887601614,0.7668542861938477,0.02196330390870571
3,1,8.893271296983585e-05,0.9512088298797607,0.0004504576791077852,0.048251762986183167
3,3,3.980599285569042e-05,0.00012756978685501963,0.0031577604822814465,0.9966747760772705
3,0,0.7553439736366272,0.2414378672838211,8.181122393580154e-05,0.003136258339509368
2,2,8.164191240211949e-05,0.00909365899860859,0.9858468174934387,0.0049779037944972515
2,2,0.00020334018336143345,0.054700881242752075,0.8204021453857422,0.1246936172246933
3,1,0.2017345279455185,0.42705947160720825,0.08002979308366776,0.2911762297153473
1,1,0.12658463418483734,0.7412976622581482,0.07326359301805496,0.058854103088378906
0,0,0.9645178914070129,0.027113663032650948,0.0025633738841861486,0.005805102176964283
0,0,0.7137359380722046,0.00592311704531312,0.28025582432746887,8.504672587150708e-05
1,1,0.030165517702698708,0.5124895572662354,3.303054108982906e-05,0.4573119580745697
2,2,0.02234313264489174,0.0023807690013200045,0.9666947722434998,0.008581306785345078
2,2,7.32530970708467e-05,0.00010286996985087171,0.9986792206764221,0.0011446457356214523
0,0,0.8529079556465149,0.1467144787311554,0.00014211097732186317,0.00023544419673271477
1,0,0.6354378461837769,0.3618856966495514,0.0018962735775858164,0.000780276081059128
3,3,0.018794119358062744,0.0005649667582474649,7.721764268353581e-05,0.980563759803772
1,1,0.0004935299511998892,0.9920479655265808,0.006280825473368168,0.0011776164174079895
1,1,6.289745942922309e-05,0.9993314743041992,0.00013820566528011113,0.0004674233787227422
2,2,0.005393611267209053,0.15395265817642212,0.4738849997520447,0.3667687177658081
1,3,0.0005912341875955462,0.01434406079351902,0.0003451037046033889,0.9847196340560913
2,2,0.3873123526573181,0.05078495666384697,0.3999311923980713,0.1619715541601181
0,0,0.7274532318115234,0.17210102081298828,0.0935412272810936,0.006904552690684795
3,3,0.07501524686813354,0.10511637479066849,0.008413654752075672,0.811454713344574
3,3,7.583085243823007e-05,0.0001206983724841848,0.0001334063708782196,0.9996700286865234
1,3,0.0009313022019341588,0.4242488741874695,0.05071267858147621,0.5241071581840515
1,1,0.12176158279180527,0.8759171962738037,0.0007831011898815632,0.0015381762059405446
3,3,0.16515181958675385,0.0013071346329525113,0.25790101289749146,0.575640082359314
3,3,0.00855523906648159,8.935527148423716e-05,0.004323562607169151,0.987031877040863
1,0,0.6552550792694092,0.18321001529693604,0.00015476618136744946,0.16138015687465668
1,2,0.0004472640575841069,0.09238027781248093,0.9066137671470642,0.0005587463965639472
3,2,0.11414869874715805,0.16605740785598755,0.42049863934516907,0.2992952764034271
3,3,0.3938012719154358,0.04887223616242409,0.1262313276529312,0.4310952425003052
3,3,0.0028380120638757944,9.451341611566022e-05,5.684176358045079e-05,0.9970105886459351
2,2,9.01673047337681e-05,4.180747055215761e-05,0.7627526521682739,0.23711536824703217
0,2,0.2671215832233429,0.0010494866874068975,0.7303562760353088,0.0014726154040545225
3,1,0.0004074008611496538,0.795544445514679,0.006434121169149876,0.19761407375335693
3,3,0.006576348561793566,6.131724512670189e-05,0.003573119407519698,0.9897891879081726
0,1,0.004089088644832373,0.9259183406829834,0.01002454198896885,0.05996808409690857
3,0,0.7804552912712097,0.028354035690426826,0.028390023857355118,0.16280066967010498
0,2,0.386502742767334,0.010520421899855137,0.5976381301879883,0.005338625982403755
1,1,0.0001773695694282651,0.9990313053131104,0.00042999954894185066,0.00036136936978437006
0,0,0.5962734818458557,0.38456204533576965,0.00040882182656787336,0.018755681812763214
1,1,0.048252206295728683,0.8878073692321777,0.03226621448993683,0.031674113124608994
1,1,0.3465574085712433,0.6530137658119202,0.0003186168323736638,0.00011021670798072591
2,0,0.5428183078765869,4.095617987331934e-05,0.4569820165634155,0.00015873726806603372
1,1,0.0007347774808295071,0.9977818131446838,0.00014382739027496427,0.0013395202113315463
2,1,0.0027640957850962877,0.9699114561080933,0.004147885367274284,0.02317655459046364
0,0,0.8394666314125061,0.0014634575927630067,0.11465493589639664,0.044414978474378586
2,2,0.013718626461923122,0.015687361359596252,0.9451032876968384,0.025490764528512955
2,2,6.39343707007356e-05,0.0015205872477963567,0.9981661438941956,0.0002493437204975635
1,1,0.0003091040125582367,0.9941845536231995,0.0001452120632166043,0.005361175164580345
3,1,0.0004530744336079806,0.8876336216926575,0.00015536036517005414,0.11175794899463654
2,3,0.012271073646843433,0.013263551518321037,0.02765529416501522,0.9468101263046265
3,3,0.0011309789260849357,0.00017641077283769846,4.5819153456250206e-05,0.9986467957496643
1,1,0.00014752156857866794,0.6811490654945374,0.0008653877303004265,0.31783804297447205
1,1,0.29142534732818604,0.6732511520385742,0.0008737304015085101,0.03444981202483177
0,3,0.005642262753099203,0.056563328951597214,0.0002665061329025775,0.9375279545783997
2,2,0.37377801537513733,0.011957438662648201,0.589474081993103,0.024790382012724876
0,0,0.9927640557289124,0.0016187395667657256,0.00029475922929123044,0.00532242376357317
1,1,0.0017237068386748433,0.8914804458618164,0.09242172539234161,0.014374096877872944
0,0,0.5400853753089905,0.4040493667125702,0.05428924039006233,0.0015759848756715655
3,3,0.001764387940056622,0.0007834394928067923,0.332637757062912,0.6648144125938416
2,2,6.024183676345274e-05,0.004553801845759153,0.9950764775276184,0.0003095324500463903
0,0,0.9881638884544373,0.011290626600384712,0.00023248983779922128,0.00031300922273658216
2,2,6.897073762957007e-05,0.2890309989452362,0.6923065185546875,0.01859349012374878
3,0,0.5941148400306702,0.05155608803033829,0.00034048559609800577,0.3539886176586151
2,2,0.01429724134504795,0.0016091559082269669,0.5899986028671265,0.3940950036048889
1,1,0.399278461933136,0.5016170740127563,0.06785331666469574,0.03125113993883133
2,2,0.005016706883907318,0.00015933880058582872,0.9946464896202087,0.0001774398988345638
3,3,0.00015174849249888211,0.1572331041097641,0.0014134179800748825,0.8412017822265625
3,2,0.24165794253349304,0.000623315863776952,0.7164971828460693,0.041221488267183304
1,0,0.436164915561676,0.18563340604305267,0.27189329266548157,0.10630842298269272
1,0,0.46583792567253113,0.07610529661178589,0.457976371049881,8.040363172767684e-05
0,0,0.6446422338485718,0.0001755801640683785,0.3549918830394745,0.00019038465688936412
2,3,0.000982670928351581,0.0001539730146760121,0.347797691822052,0.6510655879974365
1,1,0.4749957025051117,0.5244452357292175,0.00040346456808038056,0.0001555920171085745
3,0,0.813214123249054,0.08292750269174576,0.05625949800014496,0.04759884253144264
1,2,0.0005502598360180855,0.033566396683454514,0.9655796885490417,0.00030372143373824656
0,0,0.719958484172821,0.07593890279531479,0.12124105542898178,0.0828615128993988
3,3,9.584062354406342e-05,0.00035677707637660205,6.142112397355959e-05,0.999485969543457
0,1,0.12178142368793488,0.4992732107639313,0.0019035458099097013,0.3770418167114258
0,0,0.8550527691841125,0.14319568872451782,0.0010373782133683562,0.000714189256541431
2,3,0.04606809839606285,0.003808671375736594,0.29079270362854004,0.6593304872512817
0,1,0.03486945480108261,0.6427116394042969,0.008286867290735245,0.31413206458091736
1,1,8.403762330999598e-05,0.9991390705108643,8.967933536041528e-05,0.0006871963851153851
0,0,0.8162190318107605,0.14182503521442413,0.04175702482461929,0.00019884850189555436
0,0,0.9667596220970154,0.001587057951837778,0.014658414758741856,0.016994867473840714
3,1,0.0020823103841394186,0.975578248500824,0.000525605515576899,0.021813947707414627
2,2,0.0015244607347995043,0.019128907471895218,0.9592083692550659,0.02013830468058586
3,1,0.005820198450237513,0.991382896900177,0.0009414305677637458,0.0018554183188825846
0,0,0.9957854151725769,0.00011651784006971866,0.003988287877291441,0.00010975001350743696
2,2,0.027306383475661278,0.10246825963258743,0.8701364398002625,8.892152982298285e-05
3,3,5.2103216148680076e-05,6.981422484386712e-05,0.0008858336368575692,0.9989922642707825
3,3,0.0002155246038455516,0.3450466990470886,6.297843356151134e-05,0.654674768447876
2,2,0.24727272987365723,0.0631008893251419,0.6809598207473755,0.00866653211414814
2,2,0.005759833846241236,0.0016387113137170672,0.9903550148010254,0.002246354939416051
3,3,0.03309096395969391,0.00012468709610402584,0.0003293596673756838,0.9664549827575684
3,3,0.00011839363287435845,0.044725459069013596,6.219711212906986e-05,0.955094039440155
1,1,5.942070856690407e-05,0.7866607308387756,0.11921525746583939,0.09406456351280212
3,2,3.385034142411314e-05,0.3797818422317505,0.4995024502277374,0.12068191170692444
3,3,0.02940032072365284,0.0005799937061965466,0.0007833022391423583,0.9692363739013672
3,3,0.00135834573302418,0.002194466767832637,0.001650728634558618,0.9947964549064636
1,1,9.129929821938276e-05,0.9986670017242432,0.0007299706339836121,0.0005117225227877498
0,3,0.011176059022545815,0.016495531424880028,0.03042416274547577,0.9419043064117432
1,1,4.0962331695482135e-05,0.3531399965286255,0.31044432520866394,0.3363747000694275
3,0,0.7619175910949707,0.0003105921787209809,0.03023913875222206,0.20753268897533417
3,3,0.0001444129302399233,0.00014141216524876654,0.07317249476909637,0.9265417456626892
2,1,3.653282328741625e-05,0.5343525409698486,0.46557170152664185,3.920853851013817e-05
0,2,0.22621430456638336,0.0003982839116360992,0.4046611487865448,0.3687262535095215
3,3,0.0003324987774249166,0.014741170220077038,0.0002203333133365959,0.9847058653831482
1,3,4.231806087773293e-05,0.33423805236816406,5.691824117093347e-05,0.6656626462936401
3,3,0.0068322340957820415,0.006950036156922579,0.010365106165409088,0.9758526682853699
2,0,0.9776518940925598,0.0001558495860081166,0.022146303206682205,4.6004199248272926e-05
3,3,0.23601749539375305,0.003460484789684415,0.0010365851921960711,0.7594854831695557
0,0,0.642566442489624,0.0023411742877215147,0.0006788572645746171,0.35441356897354126
0,0,0.9556030035018921,0.004941151011735201,0.03853762149810791,0.0009182448266074061
2,2,0.09295359253883362,0.0004975663032382727,0.9062221050262451,0.00032667501363903284
1,3,0.0062616076320409775,0.03898419439792633,0.37127143144607544,0.5834827423095703
0,3,0.04687359184026718,0.005160813219845295,0.02791731059551239,0.9200482368469238
3,3,9.961845353245735e-05,0.0005055328947491944,0.0001748885406414047,0.9992198944091797
0,0,0.9765716791152954,0.0003017410053871572,9.503751789452508e-05,0.02303156815469265
2,2,0.0004445287922862917,0.4648684561252594,0.5345988273620605,8.823521784506738e-05
3,3,0.4224057197570801,0.020588399842381477,6.743018457200378e-05,0.5569385290145874
1,0,0.7876195907592773,0.13635575771331787,0.022885456681251526,0.05313920974731445
2,2,0.005644461140036583,0.00024367248988710344,0.9860351085662842,0.008076700381934643
1,1,0.002482449635863304,0.507564127445221,0.4358702600002289,0.05408317223191261
3,0,0.7473405003547668,0.05159411206841469,0.03367536887526512,0.16738998889923096
2,2,5.151033474248834e-05,0.01641419343650341,0.9833448529243469,0.00018953850667458028
2,3,0.09500613063573837,0.023933647200465202,0.29475778341293335,0.5863024592399597
0,1,0.06954452395439148,0.9084361791610718,0.014306358993053436,0.007712945807725191
1,2,0.0010362660977989435,0.00517783360555768,0.9929137229919434,0.0008721397607587278
0,0,0.9143107533454895,0.07398105412721634,0.008940314874053001,0.002767863916233182
3,3,0.007338230963796377,0.0008176658884622157,0.0009191252756863832,0.9909249544143677
2,2,0.006989768240600824,8.520146366208792e-05,0.9928550124168396,7.005941733950749e-05
2,3,0.1568337082862854,0.13029524683952332,0.13371147215366364,0.5791595578193665
2,0,0.8648616671562195,0.10542668402194977,0.02963872440159321,7.295780960703269e-05
0,0,0.9973689317703247,0.0011705129873007536,0.000634277006611228,0.0008262255578301847
3,3,0.0001865568192442879,0.0023196812253445387,0.3861593008041382,0.6113344430923462
2,0,0.5953924655914307,0.0004240205162204802,0.40378329157829285,0.00040025037014856935
0,2,0.30086520314216614,0.30657297372817993,0.39182835817337036,0.0007333988323807716
0,0,0.8358059525489807,3.957967055612244e-05,0.16399119794368744,0.00016324630996678025
0,0,0.8993088603019714,4.1427792893955484e-05,4.63026444776915e-05,0.100603386759758
3,0,0.49835023283958435,0.04996968060731888,0.026509404182434082,0.4251707196235657
2,1,0.0005321813514456153,0.6463429927825928,0.003650747938081622,0.34947413206100464
3,3,5.519509068108164e-05,5.3627783927368e-05,0.0005972268409095705,0.9992939233779907
0,0,0.9935864806175232,5.561520083574578e-05,0.000906159752048552,0.005451828707009554
2,2,0.021754050627350807,0.196982279419899,0.7785219550132751,0.0027416949160397053
3,3,0.39662158489227295,5.3076379117555916e-05,0.1320224404335022,0.4713028371334076
0,3,0.20332619547843933,0.016134919598698616,0.10361050814390182,0.6769282817840576
3,0,0.8473736047744751,0.1113772913813591,0.0005176662816666067,0.040731415152549744
2,3,0.007112026680260897,0.005197982769459486,0.1445418894290924,0.8431480526924133
1,1,2.5021261535584927e-05,0.5061506032943726,0.33167776465415955,0.16214661300182343
1,2,0.00809225533157587,0.15145692229270935,0.8058086037635803,0.03464213013648987
